Rk,Wk,Date,Day,Winner,Pts,,Loser,Pts,Notes
1,1,Sep 17 1936,Thu,Centenary (LA),21,@,Louisiana College,0,
2,1,Sep 17 1936,Thu,Grinnell,7,@,Central (Iowa),6,
3,1,Sep 17 1936,Thu,Virginia Tech,16,,Roanoke,7,
4,1,Sep 18 1936,Fri,Loyola Marymount,27,,California Tech,6,
5,1,Sep 18 1936,Fri,Mercer,40,,Georgia Southern,0,
6,1,Sep 18 1936,Fri,Richmond,6,@,Newport News,0,
7,1,Sep 19 1936,Sat,Centenary (LA),20,,Northwestern State,0,
8,1,Sep 19 1936,Sat,Citadel,33,,Newberry,0,
9,1,Sep 19 1936,Sat,Clemson,19,,Presbyterian,0,
10,1,Sep 19 1936,Sat,Duke,13,,Davidson,0,
11,1,Sep 19 1936,Sat,Kentucky,54,,Maryville (TN),3,
12,1,Sep 19 1936,Sat,Mississippi,45,,Union (Tennessee),0,
13,1,Sep 19 1936,Sat,North Carolina State,12,,Elon,0,
14,1,Sep 19 1936,Sat,Rice,33,@,Texas A&M-Kingsville,0,
15,1,Sep 19 1936,Sat,South Carolina,38,,Erskine,0,
16,1,Sep 19 1936,Sat,Texas Christian,6,@,Howard Payne,0,
17,1,Sep 19 1936,Sat,Texas Tech,26,@,Texas Wesleyan,7,
18,1,Sep 19 1936,Sat,Virginia Military Institute,19,,Wofford,0,
19,1,Sep 19 1936,Sat,West Virginia,7,,Waynesburg,0,
20,1,Sep 20 1936,Sun,San Francisco,6,,St. Mary's (Texas),6,
21,1,Sep 21 1936,Mon,Temple,18,@,St. Joseph's (Pennsylvania),0,
22,2,Sep 25 1936,Fri,Arizona,32,,Brigham Young,6,
23,2,Sep 25 1936,Fri,Auburn,45,,Birmingham-Southern,0,
24,2,Sep 25 1936,Fri,California,14,,Pacific,0,
25,2,Sep 25 1936,Fri,Creighton,25,,South Dakota,0,
26,2,Sep 25 1936,Fri,Detroit Mercy,40,,Western Michigan,0,
27,2,Sep 25 1936,Fri,Duquesne,14,,Waynesburg,0,
28,2,Sep 25 1936,Fri,George Washington,27,,Emory & Henry,0,
29,2,Sep 25 1936,Fri,Georgia Tech,55,,Presbyterian,0,
30,2,Sep 25 1936,Fri,Grinnell,12,,Cornell College,6,
31,2,Sep 25 1936,Fri,Kentucky,21,@,Xavier,0,
32,2,Sep 25 1936,Fri,Loyola (LA),33,,Spring Hill,0,
33,2,Sep 25 1936,Fri,Loyola Marymount,20,,Redlands,7,
34,2,Sep 25 1936,Fri,Miami (FL),44,,Georgia Southern,0,
35,2,Sep 25 1936,Fri,New Mexico State,58,,Panhandle State,6,
36,2,Sep 25 1936,Fri,Oregon,14,,Portland,0,
37,2,Sep 25 1936,Fri,Saint Louis,31,@,Missouri-Rolla,18,
38,2,Sep 25 1936,Fri,Temple,50,,Centre,7,
39,2,Sep 25 1936,Fri,UCLA,21,,Occidental,0,
40,2,Sep 25 1936,Fri,Washburn,13,,Wichita State,6,
41,2,Sep 26 1936,Sat,Alabama,34,,Samford,0,
42,2,Sep 26 1936,Sat,Arizona State,12,@,Whittier,0,
43,2,Sep 26 1936,Sat,Arkansas,53,,Pittsburg State,0,
44,2,Sep 26 1936,Sat,Baylor,13,,Hardin-Simmons,0,
45,2,Sep 26 1936,Sat,Bucknell,6,,Ursinus,0,
46,2,Sep 26 1936,Sat,California,39,,California-Davis,0,
47,2,Sep 26 1936,Sat,Centenary (LA),21,,Illinois Wesleyan,7,
48,2,Sep 26 1936,Sat,Chicago,34,,Lawrence,0,
49,2,Sep 26 1936,Sat,Citadel,13,@,Erskine,6,
50,2,Sep 26 1936,Sat,Clemson,20,,Virginia Tech,0,
51,2,Sep 26 1936,Sat,Colorado State,13,,Western State,0,
52,2,Sep 26 1936,Sat,Connecticut,27,@,Brown,0,
53,2,Sep 26 1936,Sat,Cornell,74,,Alfred,0,
54,2,Sep 26 1936,Sat,Dartmouth,58,,Norwich,0,
55,2,Sep 26 1936,Sat,Davidson,14,@,North Carolina State,6,
56,2,Sep 26 1936,Sat,Denver,20,,Colorado Mines,8,
57,2,Sep 26 1936,Sat,Drake,52,,Simpson,6,
58,2,Sep 26 1936,Sat,Duke,6,,Colgate,0,
59,2,Sep 26 1936,Sat,Furman,31,@,Wofford,0,
60,2,Sep 26 1936,Sat,Georgia,15,,Mercer,6,
61,2,Sep 26 1936,Sat,Holy Cross,45,,Bates,0,
62,2,Sep 26 1936,Sat,Idaho,25,@,Whitman,6,
63,2,Sep 26 1936,Sat,Illinois,9,,DePaul,6,
64,2,Sep 26 1936,Sat,Iowa,14,,Carleton,0,
65,2,Sep 26 1936,Sat,Kansas State,13,,Fort Hays State,0,
66,2,Sep 26 1936,Sat,Louisiana State,20,,Rice,7,
67,2,Sep 26 1936,Sat,Manhattan,32,,St. Bonaventure,7,
68,2,Sep 26 1936,Sat,Michigan State,27,,Wayne State,0,
69,2,Sep 26 1936,Sat,Minnesota,14,@,Washington,7,
70,2,Sep 26 1936,Sat,Mississippi State,20,,Millsaps,0,
71,2,Sep 26 1936,Sat,Navy,18,,William & Mary,6,
72,2,Sep 26 1936,Sat,North Carolina,14,,Wake Forest,7,
73,2,Sep 26 1936,Sat,Northern Arizona,7,,California Tech,0,
74,2,Sep 26 1936,Sat,Northern Iowa,0,,Iowa State,0,
75,2,Sep 26 1936,Sat,Oklahoma City,9,,Oklahoma State,6,
76,2,Sep 26 1936,Sat,Pittsburgh,53,,Ohio Wesleyan,0,
77,2,Sep 26 1936,Sat,Purdue,47,,Ohio,0,
78,2,Sep 26 1936,Sat,Randolph-Macon,7,,Richmond,7,
79,2,Sep 26 1936,Sat,Santa Clara,13,@,Stanford,0,
80,2,Sep 26 1936,Sat,Southern California,38,,Oregon State,7,
81,2,Sep 26 1936,Sat,Southern Methodist,6,,North Texas,0,
82,2,Sep 26 1936,Sat,Tennessee,13,,Chattanooga,0,
83,2,Sep 26 1936,Sat,Texas A&M,39,,Sam Houston State,6,
84,2,Sep 26 1936,Sat,Texas Tech,7,,Texas Christian,0,
85,2,Sep 26 1936,Sat,Tulane,7,,Mississippi,6,
86,2,Sep 26 1936,Sat,Tulsa,0,,Oklahoma,0,
87,2,Sep 26 1936,Sat,UCLA,26,,Pomona-Pitzer,0,
88,2,Sep 26 1936,Sat,Utah,26,,Northern Colorado,0,
89,2,Sep 26 1936,Sat,Utah State,12,,Montana State,0,
90,2,Sep 26 1936,Sat,Vanderbilt,45,,Middle Tennessee State,0,
91,2,Sep 26 1936,Sat,Villanova,32,,Pennsylvania Military,7,
92,2,Sep 26 1936,Sat,Virginia,26,,Hampden-Sydney,10,
93,2,Sep 26 1936,Sat,Virginia Military Institute,24,,South Carolina,7,
94,2,Sep 26 1936,Sat,Washington & Lee,27,,Elon,0,
95,2,Sep 26 1936,Sat,Washington (MO),32,,Bradley,0,
96,2,Sep 26 1936,Sat,Washington State,19,,Montana,0,
97,2,Sep 26 1936,Sat,West Virginia,40,@,Cincinnati,6,
98,2,Sep 26 1936,Sat,Western New Mexico,6,@,New Mexico,0,
99,2,Sep 26 1936,Sat,Wisconsin,24,,South Dakota State,7,
100,2,Sep 27 1936,Sun,San Francisco,14,@,Fresno State,0,
101,2,Sep 28 1936,Mon,Maryland,28,,St. John's (Maryland),0,
102,3,Oct 2 1936,Fri,Denver,7,,Colorado College,2,
103,3,Oct 2 1936,Fri,DePaul,6,@,Saint Louis,0,
104,3,Oct 2 1936,Fri,Duquesne,14,,Rice,0,
105,3,Oct 2 1936,Fri,George Washington,39,,Elon,0,
106,3,Oct 2 1936,Fri,Gonzaga,27,,Eastern Washington,7,
107,3,Oct 2 1936,Fri,Loyola (LA),13,,Birmingham-Southern,6,
108,3,Oct 2 1936,Fri,Manhattan,33,,Niagara,7,
109,3,Oct 2 1936,Fri,Mercer,20,,Oglethorpe,6,
110,3,Oct 2 1936,Fri,New Mexico State,67,,Adams State,0,
111,3,Oct 2 1936,Fri,Northern Colorado,13,,Wyoming,7,
112,3,Oct 2 1936,Fri,Tampa,0,,Miami (FL),0,
113,3,Oct 2 1936,Fri,Temple,12,,Mississippi,7,
114,3,Oct 2 1936,Fri,UCLA,30,,Montana,0,
115,3,Oct 3 1936,Sat,Alabama,32,,Clemson,0,
116,3,Oct 3 1936,Sat,Arizona State,26,,California Tech,0,
117,3,Oct 3 1936,Sat,Army,28,,Washington & Lee,0,
118,3,Oct 3 1936,Sat,Auburn,0,,Tulane,0,
119,3,Oct 3 1936,Sat,Brigham Young,19,,Montana State,0,
120,3,Oct 3 1936,Sat,Brown,7,,Rhode Island,6,
121,3,Oct 3 1936,Sat,Bucknell,20,,Lebanon Valley,0,
122,3,Oct 3 1936,Sat,California-Santa Barbara,13,@,Northern Arizona,7,
123,3,Oct 3 1936,Sat,Centenary (LA),10,,Baylor,0,
124,3,Oct 3 1936,Sat,Colgate,54,,Ursinus,0,
125,3,Oct 3 1936,Sat,Colorado State,9,,New Mexico,7,
126,3,Oct 3 1936,Sat,Columbia,34,,Maine,0,
127,3,Oct 3 1936,Sat,Dartmouth,56,,Vermont,0,
128,3,Oct 3 1936,Sat,Drake,53,,Coe,6,
129,3,Oct 3 1936,Sat,Duke,21,@,South Carolina,0,
130,3,Oct 3 1936,Sat,Florida,20,,Citadel,14,
131,3,Oct 3 1936,Sat,Fordham,66,,Franklin & Marshall,7,
132,3,Oct 3 1936,Sat,Georgetown,39,,Delaware,0,
133,3,Oct 3 1936,Sat,Georgia,13,,Furman,0,
134,3,Oct 3 1936,Sat,Georgia Tech,58,,Sewanee,0,
135,3,Oct 3 1936,Sat,Harvard,38,,Amherst,6,
136,3,Oct 3 1936,Sat,Holy Cross,21,,Providence,6,
137,3,Oct 3 1936,Sat,Illinois,13,,Washington (MO),7,
138,3,Oct 3 1936,Sat,Indiana,38,,Centre,0,
139,3,Oct 3 1936,Sat,Kansas,19,,Washburn,6,
140,3,Oct 3 1936,Sat,Kansas State,31,@,Oklahoma State,0,
141,3,Oct 3 1936,Sat,Kentucky,38,,Virginia Military Institute,0,
142,3,Oct 3 1936,Sat,Louisiana State,6,,Texas,6,
143,3,Oct 3 1936,Sat,Marquette,12,@,Wisconsin,6,
144,3,Oct 3 1936,Sat,Maryland,6,@,Virginia Tech,0,
145,3,Oct 3 1936,Sat,Michigan State,21,@,Michigan,7,
146,3,Oct 3 1936,Sat,Mississippi State,35,,Samford,0,
147,3,Oct 3 1936,Sat,Missouri,20,,Southeast Missouri State,0,
148,3,Oct 3 1936,Sat,Navy,19,,Davidson,6,
149,3,Oct 3 1936,Sat,Nebraska,34,,Iowa State,0,
150,3,Oct 3 1936,Sat,North Carolina,14,,Tennessee,6,
151,3,Oct 3 1936,Sat,Northern Iowa,24,@,Grinnell,0,
152,3,Oct 3 1936,Sat,Northwestern,18,,Iowa,7,
153,3,Oct 3 1936,Sat,Notre Dame,21,,Carnegie Mellon,7,
154,3,Oct 3 1936,Sat,Ohio State,60,,New York University,0,
155,3,Oct 3 1936,Sat,Oklahoma,8,@,Colorado,0,
156,3,Oct 3 1936,Sat,Oregon State,13,,Willamette,0,
157,3,Oct 3 1936,Sat,Penn State,45,,Muhlenberg,0,
158,3,Oct 3 1936,Sat,Pennsylvania,35,,Lafayette,0,
159,3,Oct 3 1936,Sat,Pittsburgh,34,,West Virginia,0,
160,3,Oct 3 1936,Sat,Princeton,27,,Williams,7,
161,3,Oct 3 1936,Sat,Roanoke,0,,Richmond,0,
162,3,Oct 3 1936,Sat,Saint Mary's (CA),10,@,California,0,
163,3,Oct 3 1936,Sat,Southern California,26,,Oregon,0,
164,3,Oct 3 1936,Sat,Southern Methodist,60,,Texas A&M-Kingsville,0,
165,3,Oct 3 1936,Sat,Syracuse,31,,Clarkson,0,
166,3,Oct 3 1936,Sat,Texas A&M,3,@,Hardin-Simmons,0,
167,3,Oct 3 1936,Sat,Texas Christian,18,,Arkansas,14,
168,3,Oct 3 1936,Sat,Texas Tech,34,,Oklahoma City,6,
169,3,Oct 3 1936,Sat,Tulsa,40,,Central Oklahoma,7,
170,3,Oct 3 1936,Sat,Utah,14,,Arizona,6,
171,3,Oct 3 1936,Sat,Vanderbilt,37,@,Chicago,0,
172,3,Oct 3 1936,Sat,Villanova,13,,Detroit Mercy,6,
173,3,Oct 3 1936,Sat,Virginia,7,,William & Mary,0,
174,3,Oct 3 1936,Sat,Wake Forest,9,@,North Carolina State,0,
175,3,Oct 3 1936,Sat,Washington,22,,Idaho,0,
176,3,Oct 3 1936,Sat,Washington State,14,,Stanford,13,
177,3,Oct 3 1936,Sat,West Texas A&M,13,@,Texas-El Paso,7,
178,3,Oct 3 1936,Sat,Western State,13,,Colorado Mines,0,
179,3,Oct 3 1936,Sat,Wofford,37,,Piedmont,0,
180,3,Oct 3 1936,Sat,Yale,23,,Cornell,0,
181,3,Oct 4 1936,Sun,Santa Clara,26,@,Portland,0,
182,3,Oct 5 1936,Mon,San Francisco,13,@,San Jose State,0,
183,4,Oct 9 1936,Fri,Birmingham-Southern,6,,Mercer,0,
184,4,Oct 9 1936,Fri,Brigham Young,33,@,Northern Colorado,0,
185,4,Oct 9 1936,Fri,Detroit Mercy,46,,Oklahoma State,12,
186,4,Oct 9 1936,Fri,Duquesne,33,,Geneva,0,
187,4,Oct 9 1936,Fri,Emporia State,14,,Washburn,7,
188,4,Oct 9 1936,Fri,Manhattan,13,,North Carolina State,6,
189,4,Oct 9 1936,Fri,Miami (FL),6,@,Bucknell,0,
190,4,Oct 9 1936,Fri,Mississippi,0,,George Washington,0,
191,4,Oct 9 1936,Fri,New Mexico State,41,,Northern Arizona,0,
192,4,Oct 9 1936,Fri,Presbyterian,14,@,Erskine,0,
193,4,Oct 9 1936,Fri,Samford,14,@,Loyola (LA),6,
194,4,Oct 9 1936,Fri,Wichita State,6,@,Texas Tech,0,
195,4,Oct 10 1936,Sat,Alabama,7,,Mississippi State,0,
196,4,Oct 10 1936,Sat,Arizona,18,@,Arizona State,0,
197,4,Oct 10 1936,Sat,Arkansas,14,,Baylor,10,
198,4,Oct 10 1936,Sat,Army,27,,Columbia,16,
199,4,Oct 10 1936,Sat,Auburn,6,@,Tennessee,0,
200,4,Oct 10 1936,Sat,Baldwin-Wallace,19,@,Syracuse,0,
201,4,Oct 10 1936,Sat,Butler,6,,Chicago,6,
202,4,Oct 10 1936,Sat,California,7,@,Oregon State,0,
203,4,Oct 10 1936,Sat,Colgate,26,,St. Lawrence,6,
204,4,Oct 10 1936,Sat,Colorado Mines,27,,Regis (CO),6,
205,4,Oct 10 1936,Sat,Creighton,12,,Grinnell,0,
206,4,Oct 10 1936,Sat,Davidson,38,,Virginia Military Institute,13,
207,4,Oct 10 1936,Sat,Denver,14,,Colorado State,7,
208,4,Oct 10 1936,Sat,Drake,44,,Central (Iowa),14,
209,4,Oct 10 1936,Sat,Duke,25,,Clemson,0,
210,4,Oct 10 1936,Sat,Fordham,7,,Southern Methodist,0,
211,4,Oct 10 1936,Sat,Franklin & Marshall,13,,Richmond,0,
212,4,Oct 10 1936,Sat,Furman,13,,Citadel,7,
213,4,Oct 10 1936,Sat,Georgetown,7,@,Cincinnati,0,
214,4,Oct 10 1936,Sat,Georgia Tech,34,,Kentucky,0,
215,4,Oct 10 1936,Sat,Harvard,28,,Brown,0,
216,4,Oct 10 1936,Sat,Holy Cross,7,@,Dartmouth,0,
217,4,Oct 10 1936,Sat,Indiana,14,@,Michigan,3,
218,4,Oct 10 1936,Sat,Iowa,33,,South Dakota,7,
219,4,Oct 10 1936,Sat,Iowa State,21,,Kansas,7,
220,4,Oct 10 1936,Sat,Louisiana State,47,,Georgia,7,
221,4,Oct 10 1936,Sat,Marquette,32,,Saint Louis,6,
222,4,Oct 10 1936,Sat,Michigan State,7,@,Carnegie Mellon,0,
223,4,Oct 10 1936,Sat,Minnesota,7,,Nebraska,0,
224,4,Oct 10 1936,Sat,Missouri,7,,Kansas State,7,
225,4,Oct 10 1936,Sat,Montana,45,,Idaho State,13,
226,4,Oct 10 1936,Sat,Montana State,6,,Colorado College,3,
227,4,Oct 10 1936,Sat,Navy,35,,Virginia,14,
228,4,Oct 10 1936,Sat,New York University,26,,Pennsylvania Military,0,
229,4,Oct 10 1936,Sat,North Carolina,14,,Maryland,0,
230,4,Oct 10 1936,Sat,Northwestern,40,,North Dakota State,7,
231,4,Oct 10 1936,Sat,Notre Dame,14,,Washington (MO),6,
232,4,Oct 10 1936,Sat,Oregon,7,,Stanford,7,
233,4,Oct 10 1936,Sat,Pittsburgh,6,@,Ohio State,0,
234,4,Oct 10 1936,Sat,Princeton,20,,Rutgers,0,
235,4,Oct 10 1936,Sat,Purdue,35,,Wisconsin,14,
236,4,Oct 10 1936,Sat,Rhodes,12,@,Vanderbilt,0,
237,4,Oct 10 1936,Sat,Saint Mary's (CA),26,,Gonzaga,13,
238,4,Oct 10 1936,Sat,Santa Clara,15,,San Francisco,7,
239,4,Oct 10 1936,Sat,South Carolina,7,,Florida,0,
240,4,Oct 10 1936,Sat,Southern California,24,@,Illinois,6,
241,4,Oct 10 1936,Sat,Texas,6,,Oklahoma,0,
242,4,Oct 10 1936,Sat,Texas A&M,3,@,Rice,0,
243,4,Oct 10 1936,Sat,Texas Christian,10,@,Tulsa,7,
244,4,Oct 10 1936,Sat,Texas-El Paso,13,@,New Mexico Military,6,
245,4,Oct 10 1936,Sat,Tulane,19,,Centenary (LA),0,
246,4,Oct 10 1936,Sat,Utah,26,,Western State,0,
247,4,Oct 10 1936,Sat,Utah State,25,@,Wyoming,0,
248,4,Oct 10 1936,Sat,Villanova,13,@,Penn State,0,
249,4,Oct 10 1936,Sat,Virginia Tech,14,,William & Mary,0,
250,4,Oct 10 1936,Sat,Wake Forest,32,,Wofford,0,
251,4,Oct 10 1936,Sat,Washington,14,@,UCLA,0,
252,4,Oct 10 1936,Sat,Washington State,14,@,Idaho,0,
253,4,Oct 10 1936,Sat,West Texas A&M,13,@,New Mexico,7,
254,4,Oct 10 1936,Sat,West Virginia,28,,Washington & Lee,7,
255,4,Oct 10 1936,Sat,Yale,7,,Pennsylvania,0,
256,4,Oct 12 1936,Mon,Temple,14,@,Boston College,0,
257,5,Oct 16 1936,Fri,Carleton,21,@,Grinnell,13,
258,5,Oct 16 1936,Fri,Creighton,13,@,Drake,6,
259,5,Oct 16 1936,Fri,Erskine,12,,Lenoir-Rhyne,0,
260,5,Oct 16 1936,Fri,George Washington,13,,Arkansas,6,
261,5,Oct 16 1936,Fri,Miami (FL),26,@,Rollins,0,
262,5,Oct 16 1936,Fri,Samford,0,,Mercer,0,
263,5,Oct 16 1936,Fri,Tennessee Wesleyan,19,@,Sewanee,7,
264,5,Oct 16 1936,Fri,Wake Forest,6,,Clemson,0,
265,5,Oct 17 1936,Sat,Army,32,@,Harvard,0,
266,5,Oct 17 1936,Sat,Auburn,6,@,Detroit Mercy,0,
267,5,Oct 17 1936,Sat,Baylor,21,@,Texas,18,
268,5,Oct 17 1936,Sat,Boston University,6,,Washington (MO),0,
269,5,Oct 17 1936,Sat,Carnegie Mellon,7,,Temple,0,
270,5,Oct 17 1936,Sat,Centenary (LA),13,,Arizona,13,
271,5,Oct 17 1936,Sat,Citadel,25,@,Presbyterian,0,
272,5,Oct 17 1936,Sat,Colorado,33,,Colorado Mines,0,
273,5,Oct 17 1936,Sat,Colorado State,0,,Wyoming,0,
274,5,Oct 17 1936,Sat,Columbia,38,,Virginia Military Institute,0,
275,5,Oct 17 1936,Sat,Cornell,20,,Syracuse,7,
276,5,Oct 17 1936,Sat,Dartmouth,34,,Brown,0,
277,5,Oct 17 1936,Sat,Duke,19,,Georgia Tech,6,
278,5,Oct 17 1936,Sat,Duquesne,7,@,Pittsburgh,0,
279,5,Oct 17 1936,Sat,Florida,32,,Stetson,0,
280,5,Oct 17 1936,Sat,Fordham,20,,Waynesburg,6,
281,5,Oct 17 1936,Sat,Fresno State,31,,Northern Arizona,6,
282,5,Oct 17 1936,Sat,Georgetown,19,,Bucknell,0,
283,5,Oct 17 1936,Sat,Holy Cross,13,,Manhattan,7,
284,5,Oct 17 1936,Sat,Idaho State,12,,Western State,0,
285,5,Oct 17 1936,Sat,Illinois,0,,Iowa,0,
286,5,Oct 17 1936,Sat,Iowa State,38,,Cornell College,0,
287,5,Oct 17 1936,Sat,Kentucky,39,@,Washington & Lee,7,
288,5,Oct 17 1936,Sat,Lehigh,7,,Penn State,6,
289,5,Oct 17 1936,Sat,Louisiana State,13,,Mississippi,0,
290,5,Oct 17 1936,Sat,Marquette,13,,Kansas State,0,
291,5,Oct 17 1936,Sat,Maryland,21,@,Virginia,0,
292,5,Oct 17 1936,Sat,Michigan State,13,,Missouri,0,
293,5,Oct 17 1936,Sat,Minnesota,26,,Michigan,0,
294,5,Oct 17 1936,Sat,Mississippi State,32,,Loyola (LA),0,
295,5,Oct 17 1936,Sat,Montana,6,,Gonzaga,0,
296,5,Oct 17 1936,Sat,Nebraska,13,,Indiana,9,
297,5,Oct 17 1936,Sat,New Mexico Military,13,,New Mexico State,6,
298,5,Oct 17 1936,Sat,North Carolina,14,@,New York University,13,
299,5,Oct 17 1936,Sat,North Carolina State,27,,Furman,0,
300,5,Oct 17 1936,Sat,North Dakota,13,,Saint Louis,6,
301,5,Oct 17 1936,Sat,Northern Colorado,13,@,Montana State,0,
302,5,Oct 17 1936,Sat,Northwestern,14,,Ohio State,13,
303,5,Oct 17 1936,Sat,Notre Dame,27,,Wisconsin,0,
304,5,Oct 17 1936,Sat,Oklahoma,14,@,Kansas,0,
305,5,Oct 17 1936,Sat,Oklahoma State,6,,Washburn,0,
306,5,Oct 17 1936,Sat,Oregon,13,,Idaho,0,
307,5,Oct 17 1936,Sat,Pennsylvania,7,,Princeton,0,
308,5,Oct 17 1936,Sat,Purdue,35,@,Chicago,7,
309,5,Oct 17 1936,Sat,Rice,13,@,Georgia,6,
310,5,Oct 17 1936,Sat,Richmond,20,,Emory & Henry,6,
311,5,Oct 17 1936,Sat,Saint Mary's (CA),19,@,Loyola Marymount,7,
312,5,Oct 17 1936,Sat,Santa Clara,20,@,San Jose State,0,
313,5,Oct 17 1936,Sat,South Carolina,14,,Virginia Tech,0,
314,5,Oct 17 1936,Sat,Southern Methodist,16,,Vanderbilt,0,
315,5,Oct 17 1936,Sat,Tennessee,0,,Alabama,0,
316,5,Oct 17 1936,Sat,Texas A&M,18,,Texas Christian,7,
317,5,Oct 17 1936,Sat,Texas-El Paso,12,,New Mexico,7,
318,5,Oct 17 1936,Sat,Tulane,28,@,Colgate,6,
319,5,Oct 17 1936,Sat,UCLA,17,@,California,6,
320,5,Oct 17 1936,Sat,Utah,31,@,Denver,6,
321,5,Oct 17 1936,Sat,Utah State,13,@,Brigham Young,0,
322,5,Oct 17 1936,Sat,Villanova,13,,McDaniel,0,
323,5,Oct 17 1936,Sat,Washington,19,,Oregon State,7,
324,5,Oct 17 1936,Sat,Washington State,0,,Southern California,0,
325,5,Oct 17 1936,Sat,West Virginia,15,,West Virginia Wesleyan,0,
326,5,Oct 17 1936,Sat,William & Mary,38,,Guilford,0,
327,5,Oct 17 1936,Sat,Yale,12,@,Navy,7,
328,6,Oct 22 1936,Thu,Clemson,19,@,South Carolina,0,
329,6,Oct 23 1936,Fri,Furman,20,@,Mercer,9,
330,6,Oct 23 1936,Fri,George Washington,13,,Wake Forest,12,
331,6,Oct 23 1936,Fri,Loyola Marymount,7,,Pacific,6,
332,6,Oct 23 1936,Fri,Presbyterian,27,@,Newberry,0,
333,6,Oct 23 1936,Fri,South Dakota,6,,Saint Louis,6,
334,6,Oct 23 1936,Fri,Washburn,7,,Grinnell,6,
335,6,Oct 23 1936,Fri,West Virginia Wesleyan,2,@,(11) Duquesne,0,
336,6,Oct 24 1936,Sat,Alabama,13,@,Loyola (LA),6,
337,6,Oct 24 1936,Sat,Arizona,28,,New Mexico State,7,
338,6,Oct 24 1936,Sat,(3) Army,33,,Springfield,0,
339,6,Oct 24 1936,Sat,Auburn,20,,Georgia,13,
340,6,Oct 24 1936,Sat,Bucknell,26,@,Washington & Jefferson,6,
341,6,Oct 24 1936,Sat,Colgate,41,,Lafayette,0,
342,6,Oct 24 1936,Sat,Colorado,9,@,Colorado State,7,
343,6,Oct 24 1936,Sat,Colorado College,14,,Colorado Mines,0,
344,6,Oct 24 1936,Sat,Cornell,13,,Penn State,7,
345,6,Oct 24 1936,Sat,Dartmouth,26,@,Harvard,7,
346,6,Oct 24 1936,Sat,Davidson,21,,Citadel,0,
347,6,Oct 24 1936,Sat,Denver,25,,Wyoming,14,
348,6,Oct 24 1936,Sat,Detroit Mercy,20,@,Manhattan,0,
349,6,Oct 24 1936,Sat,Drake,20,@,Washington (MO),18,
350,6,Oct 24 1936,Sat,Erskine,26,@,Wofford,0,
351,6,Oct 24 1936,Sat,(16) Fordham,7,,(12) Saint Mary's (CA),6,
352,6,Oct 24 1936,Sat,Georgetown,7,,New York University,7,
353,6,Oct 24 1936,Sat,Georgia Tech,0,,Vanderbilt,0,
354,6,Oct 24 1936,Sat,Hardin-Simmons,13,@,Creighton,7,
355,6,Oct 24 1936,Sat,(17) Holy Cross,7,,Carnegie Mellon,0,
356,6,Oct 24 1936,Sat,Kansas State,26,,Kansas,6,
357,6,Oct 24 1936,Sat,Kentucky,7,,Florida,0,
358,6,Oct 24 1936,Sat,(13) Louisiana State,19,,Arkansas,7,
359,6,Oct 24 1936,Sat,(20) Marquette,13,@,Michigan State,7,
360,6,Oct 24 1936,Sat,Maryland,20,@,Syracuse,0,
361,6,Oct 24 1936,Sat,Michigan,13,,Columbia,0,
362,6,Oct 24 1936,Sat,(1) Minnesota,33,,(5) Purdue,0,
363,6,Oct 24 1936,Sat,Mississippi,14,,Catholic,0,
364,6,Oct 24 1936,Sat,Mississippi State,0,,Texas Christian,0,
365,6,Oct 24 1936,Sat,Missouri,10,,Iowa State,0,
366,6,Oct 24 1936,Sat,Montana,27,,Montana State,0,
367,6,Oct 24 1936,Sat,(15) Nebraska,14,@,Oklahoma,0,
368,6,Oct 24 1936,Sat,Nevada,7,,Idaho,6,
369,6,Oct 24 1936,Sat,New Mexico,13,,New Mexico Military,7,
370,6,Oct 24 1936,Sat,North Carolina State,13,,Virginia Tech,0,
371,6,Oct 24 1936,Sat,Northern Arizona,19,,Arizona State,0,
372,6,Oct 24 1936,Sat,Northern Colorado,12,@,Western State,10,
373,6,Oct 24 1936,Sat,(4) Northwestern,13,@,Illinois,2,
374,6,Oct 24 1936,Sat,Ohio State,7,,Indiana,0,
375,6,Oct 24 1936,Sat,Pennsylvania,48,,Brown,6,
376,6,Oct 24 1936,Sat,(9) Pittsburgh,26,,(7) Notre Dame,0,
377,6,Oct 24 1936,Sat,Princeton,7,,Navy,0,
378,6,Oct 24 1936,Sat,Rice,7,,Texas,0,
379,6,Oct 24 1936,Sat,Roanoke,13,@,William & Mary,0,
380,6,Oct 24 1936,Sat,(6) Southern California,14,@,Stanford,7,
381,6,Oct 24 1936,Sat,Tennessee,15,,(2) Duke,13,
382,6,Oct 24 1936,Sat,Tennessee Tech,0,,Sewanee,0,
383,6,Oct 24 1936,Sat,(14) Texas A&M,0,,Baylor,0,
384,6,Oct 24 1936,Sat,Texas Tech,12,,Centenary (LA),6,
385,6,Oct 24 1936,Sat,Texas-El Paso,6,@,Sul Ross State,0,
386,6,Oct 24 1936,Sat,(18) Tulane,21,,North Carolina,7,
387,6,Oct 24 1936,Sat,Tulsa,13,,Oklahoma State,0,
388,6,Oct 24 1936,Sat,UCLA,22,,Oregon State,13,
389,6,Oct 24 1936,Sat,Utah State,12,,Utah,0,
390,6,Oct 24 1936,Sat,Villanova,25,,Boston University,7,
391,6,Oct 24 1936,Sat,Virginia Military Institute,20,@,Richmond,0,
392,6,Oct 24 1936,Sat,(8) Washington,13,,California,0,
393,6,Oct 24 1936,Sat,Washington & Lee,13,@,Virginia,0,
394,6,Oct 24 1936,Sat,Washington State,3,,Oregon,0,
395,6,Oct 24 1936,Sat,West Virginia,26,@,Centre,13,
396,6,Oct 24 1936,Sat,(10) Yale,28,,Rutgers,0,
397,6,Oct 25 1936,Sun,Gonzaga,17,@,San Francisco,7,
398,7,Oct 30 1936,Fri,Creighton,32,@,Washburn,20,
399,7,Oct 30 1936,Fri,Detroit Mercy,14,,Duquesne,7,
400,7,Oct 30 1936,Fri,Erskine,13,@,Stetson,0,
401,7,Oct 30 1936,Fri,Loyola (LA),6,,Catholic,0,
402,7,Oct 30 1936,Fri,Rollins,32,,Wofford,14,
403,7,Oct 30 1936,Fri,(19) Santa Clara,12,,(16) Auburn,0,
404,7,Oct 30 1936,Fri,South Carolina,9,,Citadel,0,
405,7,Oct 31 1936,Sat,Alabama,14,@,Kentucky,0,
406,7,Oct 31 1936,Sat,Arizona,0,,Kansas,0,
407,7,Oct 31 1936,Sat,Arizona State,7,,New Mexico,6,
408,7,Oct 31 1936,Sat,Arkansas,18,@,Texas A&M,0,
409,7,Oct 31 1936,Sat,Brown,38,,Tufts,7,
410,7,Oct 31 1936,Sat,Bucknell,6,,Villanova,0,
411,7,Oct 31 1936,Sat,Chicago,7,@,Wisconsin,6,
412,7,Oct 31 1936,Sat,Clemson,14,@,Georgia Tech,13,
413,7,Oct 31 1936,Sat,Colgate,14,@,(6) Army,7,
414,7,Oct 31 1936,Sat,Colorado,7,@,Colorado College,0,
415,7,Oct 31 1936,Sat,Columbia,20,,Cornell,13,
416,7,Oct 31 1936,Sat,Dartmouth,11,@,(12) Yale,7,
417,7,Oct 31 1936,Sat,Drake,19,,Grinnell,6,
418,7,Oct 31 1936,Sat,(13) Duke,51,@,Washington & Lee,0,
419,7,Oct 31 1936,Sat,Florida,7,,Maryland,6,
420,7,Oct 31 1936,Sat,Furman,14,,Davidson,13,
421,7,Oct 31 1936,Sat,Georgetown,47,,Shenandoah,0,
422,7,Oct 31 1936,Sat,Hampden-Sydney,19,@,William & Mary,0,
423,7,Oct 31 1936,Sat,Idaho,18,@,Gonzaga,6,
424,7,Oct 31 1936,Sat,Illinois,9,@,Michigan,6,
425,7,Oct 31 1936,Sat,Indiana,13,,Iowa,6,
426,7,Oct 31 1936,Sat,(8) Louisiana State,19,@,Vanderbilt,0,
427,7,Oct 31 1936,Sat,Manhattan,28,,City College of New York,7,
428,7,Oct 31 1936,Sat,(10) Marquette,20,,(20) Saint Mary's (CA),6,
429,7,Oct 31 1936,Sat,Miami (FL),7,,Boston University,7,
430,7,Oct 31 1936,Sat,Michigan State,13,,Boston College,13,
431,7,Oct 31 1936,Sat,Mississippi,24,@,Centenary (LA),7,
432,7,Oct 31 1936,Sat,Mississippi State,68,,Sewanee,0,
433,7,Oct 31 1936,Sat,(11) Nebraska,20,,Missouri,0,
434,7,Oct 31 1936,Sat,New York University,46,,Lafayette,0,
435,7,Oct 31 1936,Sat,North Carolina,21,,North Carolina State,6,
436,7,Oct 31 1936,Sat,Northern Colorado,33,@,Chadron State,13,
437,7,Oct 31 1936,Sat,(3) Northwestern,6,,(1) Minnesota,0,
438,7,Oct 31 1936,Sat,Notre Dame,7,,Ohio State,2,
439,7,Oct 31 1936,Sat,Oklahoma,7,,Iowa State,7,
440,7,Oct 31 1936,Sat,Oregon State,14,,Montana,7,
441,7,Oct 31 1936,Sat,Penn State,18,,Syracuse,0,
442,7,Oct 31 1936,Sat,(20) Pennsylvania,16,,Navy,6,
443,7,Oct 31 1936,Sat,(2) Pittsburgh,0,,(5) Fordham,0,
444,7,Oct 31 1936,Sat,(17) Princeton,14,,Harvard,14,
445,7,Oct 31 1936,Sat,(17) Purdue,7,@,Carnegie Mellon,6,
446,7,Oct 31 1936,Sat,Rice,12,,George Washington,6,
447,7,Oct 31 1936,Sat,Saint Louis,25,,Wichita State,7,
448,7,Oct 31 1936,Sat,San Diego State,7,,New Mexico State,7,
449,7,Oct 31 1936,Sat,(15) Southern Methodist,14,@,Texas,7,
450,7,Oct 31 1936,Sat,Stanford,19,@,UCLA,6,
451,7,Oct 31 1936,Sat,Temple,3,,(13) Holy Cross,0,
452,7,Oct 31 1936,Sat,Tennessee,46,@,Georgia,0,
453,7,Oct 31 1936,Sat,Texas Christian,28,,Baylor,0,
454,7,Oct 31 1936,Sat,Texas-El Paso,21,@,Western New Mexico,0,
455,7,Oct 31 1936,Sat,(9) Tulane,22,,Louisiana Tech,13,
456,7,Oct 31 1936,Sat,Tulsa,10,,Kansas State,7,
457,7,Oct 31 1936,Sat,Utah,18,,Brigham Young,0,
458,7,Oct 31 1936,Sat,Utah State,0,,Denver,0,
459,7,Oct 31 1936,Sat,Virginia Military Institute,12,,Virginia,6,
460,7,Oct 31 1936,Sat,Virginia Tech,20,,Richmond,7,
461,7,Oct 31 1936,Sat,Wake Forest,19,,Presbyterian,0,
462,7,Oct 31 1936,Sat,(4) Washington,7,@,Oregon,0,
463,7,Oct 31 1936,Sat,Washington (MO),39,,Oklahoma State,6,
464,7,Oct 31 1936,Sat,Washington State,14,@,California,13,
465,7,Oct 31 1936,Sat,West Virginia,33,,McDaniel,20,
466,7,Oct 31 1936,Sat,Wyoming,27,,Colorado Mines,0,
467,7,Nov 1 1936,Sun,Loyola Marymount,7,@,San Diego Marines,0,
468,7,Nov 1 1936,Sun,San Francisco,18,,Portland,0,
469,8,Nov 6 1936,Fri,Duquesne,26,@,Washington (MO),0,
470,8,Nov 6 1936,Fri,Furman,14,@,Presbyterian,0,
471,8,Nov 6 1936,Fri,Miami (FL),20,,Stetson,6,
472,8,Nov 6 1936,Fri,Oglethorpe,18,,Erskine,6,
473,8,Nov 6 1936,Fri,Texas Tech,12,,Oklahoma State,0,
474,8,Nov 7 1936,Sat,(14) Alabama,34,,(10) Tulane,7,
475,8,Nov 7 1936,Sat,Arizona,28,,New Mexico,0,
476,8,Nov 7 1936,Sat,Arkansas,20,,Rice,14,
477,8,Nov 7 1936,Sat,Army,54,,Muhlenberg,7,
478,8,Nov 7 1936,Sat,(20) Auburn,13,@,Georgia Tech,12,
479,8,Nov 7 1936,Sat,Baylor,48,,Oklahoma City,6,
480,8,Nov 7 1936,Sat,Boston College,7,,North Carolina State,3,
481,8,Nov 7 1936,Sat,Brigham Young,26,,Western State,12,
482,8,Nov 7 1936,Sat,California,13,@,(11) Southern California,7,
483,8,Nov 7 1936,Sat,Carleton,6,@,Northern Colorado,0,
484,8,Nov 7 1936,Sat,Carnegie Mellon,14,@,New York University,6,
485,8,Nov 7 1936,Sat,Centenary (LA),3,,Tulsa,3,
486,8,Nov 7 1936,Sat,Chattanooga,6,,Mercer,0,
487,8,Nov 7 1936,Sat,Clemson,20,@,Citadel,0,
488,8,Nov 7 1936,Sat,Colorado,31,,Utah,7,
489,8,Nov 7 1936,Sat,Colorado Mines,45,,South Dakota Mines,6,
490,8,Nov 7 1936,Sat,(18) Dartmouth,20,,Columbia,13,
491,8,Nov 7 1936,Sat,Denver,27,@,Drake,13,
492,8,Nov 7 1936,Sat,Detroit Mercy,33,,Bucknell,7,
493,8,Nov 7 1936,Sat,(15) Duke,20,@,Wake Forest,0,
494,8,Nov 7 1936,Sat,(3) Fordham,15,,Purdue,0,
495,8,Nov 7 1936,Sat,George Washington,20,,Davis & Elkins,6,
496,8,Nov 7 1936,Sat,Georgetown,28,@,West Virginia,0,
497,8,Nov 7 1936,Sat,Georgia,26,,Florida,8,
498,8,Nov 7 1936,Sat,Harvard,65,,Virginia,0,
499,8,Nov 7 1936,Sat,Holy Cross,20,,Colgate,13,
500,8,Nov 7 1936,Sat,Indiana,9,,Syracuse,7,
501,8,Nov 7 1936,Sat,Kansas State,6,,Oklahoma,6,
502,8,Nov 7 1936,Sat,(7) Louisiana State,12,,Mississippi State,0,
503,8,Nov 7 1936,Sat,Manhattan,13,,Kentucky,7,
504,8,Nov 7 1936,Sat,(4) Marquette,7,@,Creighton,6,
505,8,Nov 7 1936,Sat,Maryland,12,@,Richmond,0,
506,8,Nov 7 1936,Sat,Michigan State,7,,Temple,7,
507,8,Nov 7 1936,Sat,(2) Minnesota,52,,Iowa,0,
508,8,Nov 7 1936,Sat,Mississippi,34,,Loyola (LA),0,
509,8,Nov 7 1936,Sat,Missouri,13,@,Saint Louis,7,
510,8,Nov 7 1936,Sat,Navy,3,,(13) Notre Dame,0,
511,8,Nov 7 1936,Sat,(8) Nebraska,26,@,Kansas,0,
512,8,Nov 7 1936,Sat,New Mexico State,20,@,Arizona State,6,
513,8,Nov 7 1936,Sat,North Carolina,26,@,Davidson,6,
514,8,Nov 7 1936,Sat,(1) Northwestern,26,,Wisconsin,18,
515,8,Nov 7 1936,Sat,Ohio State,44,,Chicago,0,
516,8,Nov 7 1936,Sat,Oregon State,16,@,(17) Washington State,6,
517,8,Nov 7 1936,Sat,(15) Pennsylvania,27,,Michigan,7,
518,8,Nov 7 1936,Sat,(5) Pittsburgh,34,,Penn State,7,
519,8,Nov 7 1936,Sat,Princeton,41,,Cornell,13,
520,8,Nov 7 1936,Sat,Saint Mary's (CA),26,@,Idaho,7,
521,8,Nov 7 1936,Sat,(18) Tennessee,34,,Maryville (TN),0,
522,8,Nov 7 1936,Sat,Texas A&M,22,@,(12) Southern Methodist,6,
523,8,Nov 7 1936,Sat,Texas Christian,27,,Texas,6,
524,8,Nov 7 1936,Sat,Texas-El Paso,0,,Northern Arizona,0,
525,8,Nov 7 1936,Sat,UCLA,7,@,Oregon,0,
526,8,Nov 7 1936,Sat,Utah State,13,@,Colorado State,0,
527,8,Nov 7 1936,Sat,Vanderbilt,14,,Sewanee,0,
528,8,Nov 7 1936,Sat,Villanova,14,@,South Carolina,0,
529,8,Nov 7 1936,Sat,Virginia Military Institute,21,@,William & Mary,0,
530,8,Nov 7 1936,Sat,Washburn,0,,Colorado College,0,
531,8,Nov 7 1936,Sat,(6) Washington,14,,Stanford,14,
532,8,Nov 7 1936,Sat,Washington & Lee,27,,Virginia Tech,0,
533,8,Nov 7 1936,Sat,Wyoming,19,,Montana State,6,
534,8,Nov 7 1936,Sat,Yale,14,,Brown,6,
535,9,Nov 12 1936,Thu,Loyola Marymount,26,,Texas Tech,7,
536,9,Nov 13 1936,Fri,Newberry,7,,Wofford,7,
537,9,Nov 13 1936,Fri,Rhodes,28,,Loyola (LA),0,
538,9,Nov 13 1936,Fri,Saint Louis,20,,Creighton,7,
539,9,Nov 13 1936,Fri,Wake Forest,19,,Erskine,6,
540,9,Nov 14 1936,Sat,(4) Alabama,20,@,Georgia Tech,16,
541,9,Nov 14 1936,Sat,Arizona State,19,@,Texas-El Paso,0,
542,9,Nov 14 1936,Sat,Arkansas,17,@,(19) Southern Methodist,0,
543,9,Nov 14 1936,Sat,Baylor,13,@,Oklahoma State,0,
544,9,Nov 14 1936,Sat,California,28,,Oregon,0,
545,9,Nov 14 1936,Sat,Catholic,7,,North Carolina State,6,
546,9,Nov 14 1936,Sat,Chattanooga,13,@,Citadel,0,
547,9,Nov 14 1936,Sat,Coe,13,,Grinnell,6,
548,9,Nov 14 1936,Sat,Colorado College,7,@,Western State,0,
549,9,Nov 14 1936,Sat,Colorado State,12,@,Northern Colorado,6,
550,9,Nov 14 1936,Sat,Columbia,17,,Syracuse,0,
551,9,Nov 14 1936,Sat,(12) Dartmouth,20,@,Cornell,6,
552,9,Nov 14 1936,Sat,Davidson,27,,Centre,0,
553,9,Nov 14 1936,Sat,Denver,35,,Brigham Young,7,
554,9,Nov 14 1936,Sat,Detroit Mercy,16,@,Xavier,0,
555,9,Nov 14 1936,Sat,(13) Duke,27,@,North Carolina,7,
556,9,Nov 14 1936,Sat,Duquesne,13,@,Carnegie Mellon,0,
557,9,Nov 14 1936,Sat,Florida,18,,Sewanee,7,
558,9,Nov 14 1936,Sat,Furman,23,,South Carolina,6,
559,9,Nov 14 1936,Sat,George Washington,50,,Catawba College,0,
560,9,Nov 14 1936,Sat,Georgia,12,@,Tulane,6,
561,9,Nov 14 1936,Sat,(17) Holy Cross,32,@,Brown,0,
562,9,Nov 14 1936,Sat,Indiana,20,@,Chicago,7,
563,9,Nov 14 1936,Sat,Kansas State,47,,Iowa State,7,
564,9,Nov 14 1936,Sat,Kentucky,7,,Clemson,6,
565,9,Nov 14 1936,Sat,(7) Louisiana State,19,@,Auburn,6,
566,9,Nov 14 1936,Sat,Manhattan,13,,Georgetown,0,
567,9,Nov 14 1936,Sat,(8) Marquette,33,,Mississippi,0,
568,9,Nov 14 1936,Sat,Mercer,19,,Presbyterian,7,
569,9,Nov 14 1936,Sat,Michigan State,41,@,Kansas,0,
570,9,Nov 14 1936,Sat,(2) Minnesota,47,,Texas,19,
571,9,Nov 14 1936,Sat,Missouri,21,@,Oklahoma,14,
572,9,Nov 14 1936,Sat,Montana,16,,Idaho,0,
573,9,Nov 14 1936,Sat,Montana State,32,@,Idaho State,19,
574,9,Nov 14 1936,Sat,Navy,20,@,Harvard,13,
575,9,Nov 14 1936,Sat,New Mexico State,7,@,New Mexico,6,
576,9,Nov 14 1936,Sat,New York University,46,,Rutgers,0,
577,9,Nov 14 1936,Sat,(1) Northwestern,9,@,Michigan,0,
578,9,Nov 14 1936,Sat,Notre Dame,20,@,Army,6,
579,9,Nov 14 1936,Sat,Ohio State,13,@,Illinois,0,
580,9,Nov 14 1936,Sat,(11) Pennsylvania,19,,Penn State,12,
581,9,Nov 14 1936,Sat,(5) Pittsburgh,19,@,(6) Nebraska,6,
582,9,Nov 14 1936,Sat,Purdue,13,@,Iowa,0,
583,9,Nov 14 1936,Sat,Rice,34,,Sam Houston State,7,
584,9,Nov 14 1936,Sat,Richmond,14,,Hampden-Sydney,3,
585,9,Nov 14 1936,Sat,San Francisco,0,,Saint Mary's (CA),0,
586,9,Nov 14 1936,Sat,Stanford,20,@,Oregon State,14,
587,9,Nov 14 1936,Sat,(19) Temple,6,,Villanova,0,
588,9,Nov 14 1936,Sat,Tennessee,26,@,Vanderbilt,13,
589,9,Nov 14 1936,Sat,(15) Texas A&M,20,@,Utah,7,
590,9,Nov 14 1936,Sat,(18) Texas Christian,26,,Centenary (LA),0,
591,9,Nov 14 1936,Sat,Tulsa,21,@,Drake,6,
592,9,Nov 14 1936,Sat,Utah State,14,,Colorado,13,
593,9,Nov 14 1936,Sat,Virginia Military Institute,13,@,Maryland,7,
594,9,Nov 14 1936,Sat,Virginia Tech,7,,Virginia,6,
595,9,Nov 14 1936,Sat,(10) Washington,12,,(15) Southern California,0,
596,9,Nov 14 1936,Sat,Washington & Lee,13,@,William & Mary,7,
597,9,Nov 14 1936,Sat,Washington (MO),33,@,McKendree,0,
598,9,Nov 14 1936,Sat,(14) Washington State,32,@,UCLA,7,
599,9,Nov 14 1936,Sat,Western Reserve,7,,West Virginia,0,
600,9,Nov 14 1936,Sat,Wisconsin,27,,Cincinnati,6,
601,9,Nov 14 1936,Sat,Yale,26,@,Princeton,23,
602,9,Nov 15 1936,Sun,Gonzaga,14,@,Portland,3,
603,9,Nov 15 1936,Sun,(9) Santa Clara,19,@,Saint Mary's (CA),0,
604,10,Nov 20 1936,Fri,DePaul,13,@,Texas Tech,6,
605,10,Nov 20 1936,Fri,Miami (FL),13,,Mercer,0,
606,10,Nov 20 1936,Fri,New Mexico State,27,,Western New Mexico,0,
607,10,Nov 20 1936,Fri,Saint Louis,33,,Grinnell,6,
608,10,Nov 21 1936,Sat,Army,51,,Hobart,7,
609,10,Nov 21 1936,Sat,Auburn,44,,Loyola (LA),0,
610,10,Nov 21 1936,Sat,Baylor,13,,Southern Methodist,7,
611,10,Nov 21 1936,Sat,Brigham Young,32,,Wyoming,7,
612,10,Nov 21 1936,Sat,Brown,19,,Colby,6,
613,10,Nov 21 1936,Sat,California,20,,Stanford,0,
614,10,Nov 21 1936,Sat,Centenary (LA),3,,(14) Texas A&M,0,
615,10,Nov 21 1936,Sat,Citadel,41,,Wofford,0,
616,10,Nov 21 1936,Sat,Colgate,13,@,Syracuse,0,
617,10,Nov 21 1936,Sat,(12) Dartmouth,13,,Princeton,13,
618,10,Nov 21 1936,Sat,(20) Duquesne,13,,(7) Marquette,0,
619,10,Nov 21 1936,Sat,Erskine,12,@,Newberry,6,
620,10,Nov 21 1936,Sat,Georgetown,7,@,Maryland,6,
621,10,Nov 21 1936,Sat,Georgia,7,,(3) Fordham,7,
622,10,Nov 21 1936,Sat,Georgia Tech,38,,Florida,14,
623,10,Nov 21 1936,Sat,Gonzaga,8,@,Puget Sound,0,
624,10,Nov 21 1936,Sat,Illinois,18,@,Chicago,7,
625,10,Nov 21 1936,Sat,Indiana,20,,Purdue,20,
626,10,Nov 21 1936,Sat,Iowa,25,@,(20) Temple,0,
627,10,Nov 21 1936,Sat,Iowa State,21,,Drake,7,
628,10,Nov 21 1936,Sat,(5) Louisiana State,93,,Louisiana,0,
629,10,Nov 21 1936,Sat,Loyola Marymount,14,@,Whittier,6,
630,10,Nov 21 1936,Sat,Michigan State,7,,Arizona,0,
631,10,Nov 21 1936,Sat,(2) Minnesota,24,@,Wisconsin,0,
632,10,Nov 21 1936,Sat,Mississippi State,26,,Mississippi,6,
633,10,Nov 21 1936,Sat,Missouri,17,,Washington (MO),10,
634,10,Nov 21 1936,Sat,Montana,24,@,San Francisco,7,
635,10,Nov 21 1936,Sat,Montana State,26,@,Montana Tech,7,
636,10,Nov 21 1936,Sat,(13) Nebraska,40,,Kansas State,0,
637,10,Nov 21 1936,Sat,New York University,25,,City College of New York,7,
638,10,Nov 21 1936,Sat,North Carolina,14,@,South Carolina,0,
639,10,Nov 21 1936,Sat,North Dakota,14,@,Detroit Mercy,13,
640,10,Nov 21 1936,Sat,Northern Arizona,13,@,Arizona State,7,
641,10,Nov 21 1936,Sat,Northern Colorado,27,,Colorado Mines,10,
642,10,Nov 21 1936,Sat,(11) Notre Dame,26,,(1) Northwestern,6,
643,10,Nov 21 1936,Sat,(18) Ohio State,21,,Michigan,0,
644,10,Nov 21 1936,Sat,Oregon State,18,,Oregon,0,
645,10,Nov 21 1936,Sat,Penn State,14,,Bucknell,0,
646,10,Nov 21 1936,Sat,St. Anselm,0,,(17) Holy Cross,0,
647,10,Nov 21 1936,Sat,Texas Christian,13,@,Rice,0,
648,10,Nov 21 1936,Sat,Tulane,53,,Sewanee,6,
649,10,Nov 21 1936,Sat,Tulsa,47,,Washburn,0,
650,10,Nov 21 1936,Sat,Utah State,10,@,Idaho,0,
651,10,Nov 21 1936,Sat,Villanova,12,@,Manhattan,0,
652,10,Nov 21 1936,Sat,Yale,14,,Harvard,13,
653,10,Nov 22 1936,Sun,(9) Santa Clara,13,@,Loyola Marymount,6,
654,11,Nov 24 1936,Tue,Colorado State,19,,Colorado College,12,
655,11,Nov 25 1936,Wed,(3) Alabama,14,,Vanderbilt,6,
656,11,Nov 26 1936,Thu,Arkansas,23,@,Tulsa,13,
657,11,Nov 26 1936,Thu,Davidson,19,,Wake Forest,6,
658,11,Nov 26 1936,Thu,Denver,7,,Colorado,6,
659,11,Nov 26 1936,Thu,Detroit Mercy,6,@,Creighton,0,
660,11,Nov 26 1936,Thu,(11) Duke,13,,North Carolina State,0,
661,11,Nov 26 1936,Thu,Furman,12,@,Clemson,0,
662,11,Nov 26 1936,Thu,George Washington,7,,West Virginia,2,
663,11,Nov 26 1936,Thu,Loyola (LA),14,,Texas Tech,0,
664,11,Nov 26 1936,Thu,Maryland,19,,Washington & Lee,6,
665,11,Nov 26 1936,Thu,Missouri,19,,Kansas,3,
666,11,Nov 26 1936,Thu,Montana,13,,North Dakota,6,
667,11,Nov 26 1936,Thu,New Mexico,25,,Northern Arizona,6,
668,11,Nov 26 1936,Thu,New York University,7,,(8) Fordham,6,
669,11,Nov 26 1936,Thu,North Carolina,59,@,Virginia,14,
670,11,Nov 26 1936,Thu,Oklahoma,35,@,Oklahoma State,13,
671,11,Nov 26 1936,Thu,(13) Pennsylvania,14,,Cornell,6,
672,11,Nov 26 1936,Thu,(4) Pittsburgh,31,,Carnegie Mellon,14,
673,11,Nov 26 1936,Thu,Richmond,7,,William & Mary,0,
674,11,Nov 26 1936,Thu,Saint Mary's (CA),34,@,Pacific,0,
675,11,Nov 26 1936,Thu,San Jose State,33,,Arizona State,6,
676,11,Nov 26 1936,Thu,(17) Tennessee,7,,Kentucky,6,
677,11,Nov 26 1936,Thu,Texas,7,,Texas A&M,0,
678,11,Nov 26 1936,Thu,Texas-El Paso,27,,New Mexico State,7,
679,11,Nov 26 1936,Thu,UCLA,7,,Southern California,7,
680,11,Nov 26 1936,Thu,Utah,13,,Colorado State,0,
681,11,Nov 26 1936,Thu,Virginia Tech,6,,Virginia Military Institute,0,
682,11,Nov 26 1936,Thu,(6) Washington,40,,(20) Washington State,0,
683,11,Nov 26 1936,Thu,Xavier,21,,South Carolina,13,
684,11,Nov 27 1936,Fri,Mississippi,14,@,Miami (FL),0,
685,11,Nov 28 1936,Sat,Arizona,58,,Wyoming,0,
686,11,Nov 28 1936,Sat,Auburn,13,,Florida,0,
687,11,Nov 28 1936,Sat,Baylor,10,@,Rice,7,
688,11,Nov 28 1936,Sat,Boston College,13,,Holy Cross,12,
689,11,Nov 28 1936,Sat,Bucknell,0,,Temple,0,
690,11,Nov 28 1936,Sat,Colgate,32,@,Brown,0,
691,11,Nov 28 1936,Sat,Colorado College,6,,Brigham Young,0,
692,11,Nov 28 1936,Sat,Columbia,7,,Stanford,0,
693,11,Nov 28 1936,Sat,Drake,18,@,Washburn,0,
694,11,Nov 28 1936,Sat,Georgia,16,,Georgia Tech,6,
695,11,Nov 28 1936,Sat,Idaho,13,,North Dakota State,12,
696,11,Nov 28 1936,Sat,(2) Louisiana State,33,,(19) Tulane,0,
697,11,Nov 28 1936,Sat,Mississippi State,32,,Mercer,0,
698,11,Nov 28 1936,Sat,Navy,7,,Army,0,
699,11,Nov 28 1936,Sat,(10) Nebraska,32,@,Oregon State,14,
700,11,Nov 28 1936,Sat,Presbyterian,20,,Wofford,7,
701,11,Nov 28 1936,Sat,Saint Louis,21,@,Washington (MO),6,
702,11,Nov 28 1936,Sat,(18) Texas Christian,0,,Southern Methodist,0,
703,11,Nov 29 1936,Sun,San Francisco,17,,Loyola Marymount,14,
704,12,Dec 3 1936,Thu,Arkansas,6,,Texas,0,
705,12,Dec 4 1936,Fri,Miami (FL),10,,Georgetown,6,
706,12,Dec 5 1936,Sat,Centenary (LA),7,,Oklahoma State,0,
707,12,Dec 5 1936,Sat,Gonzaga,13,,(20) Washington State,6,
708,12,Dec 5 1936,Sat,McDaniel,12,,Maryland,0,
709,12,Dec 5 1936,Sat,Mississippi State,7,@,Florida,0,
710,12,Dec 5 1936,Sat,(9) Notre Dame,13,,Southern California,13,
711,12,Dec 5 1936,Sat,Saint Mary's (CA),13,,Temple,7,
712,12,Dec 5 1936,Sat,Southern Methodist,9,@,Rice,0,
713,12,Dec 5 1936,Sat,(17) Tennessee,0,,Mississippi,0,
714,12,Dec 5 1936,Sat,Texas A&M,13,,Manhattan,6,
715,12,Dec 5 1936,Sat,(18) Texas Christian,9,@,(5) Santa Clara,0,
716,12,Dec 5 1936,Sat,Texas Tech,7,,Arizona,7,
717,13,Dec 11 1936,Fri,South Carolina,6,@,Miami (FL),3,
718,13,Dec 12 1936,Sat,Texas A&M,38,@,San Francisco,14,
719,14,Dec 25 1936,Fri,California-Santa Barbara,25,,New Mexico State,14,
720,14,Dec 26 1936,Sat,Georgia Tech,13,,California,7,
721,15,Jan 1 1937,Fri,(14) Duquesne,13,,Mississippi State,12,Miami FL
722,15,Jan 1 1937,Fri,Hardin-Simmons,34,@,Texas-El Paso,6,El Paso TX
723,15,Jan 1 1937,Fri,(3) Pittsburgh,21,,(5) Washington,0,Pasadena CA
724,15,Jan 1 1937,Fri,(6) Santa Clara,21,,(2) Louisiana State,14,New Orleans LA
725,15,Jan 1 1937,Fri,(16) Texas Christian,16,,(20) Marquette,6,Dallas TX
726,15,Jan 1 1937,Fri,Villanova,7,,Auburn,7,